<?xml version="1.0" encoding="UTF-8"?>
<eSocial xmlns="http://www.esocial.gov.br/schema/evt/evtRemun/v_S_01_00_00">
  <evtRemun Id="ID1123456780000002023022215193900008">
    <ideEvento>
      <indRetif>1</indRetif>
      <indApuracao>1</indApuracao>
      <perApur>2023-01</perApur>
      <tpAmb>2</tpAmb>
      <procEmi>1</procEmi>
      <verProc>SENIORGPFP581369</verProc>
    </ideEvento>
    <ideEmpregador>
      <tpInsc>1</tpInsc>
      <nrInsc>12345678</nrInsc>
    </ideEmpregador>
    <ideTrabalhador>
      <cpfTrab>03313635857</cpfTrab>
    </ideTrabalhador>
    <dmDev>
      <ideDmDev>DEMONSTR0365A32</ideDmDev>
      <codCateg>101</codCateg>
      <infoPerApur>
        <ideEstabLot>
          <tpInsc>1</tpInsc>
          <nrInsc>12345678010158</nrInsc>
          <codLotacao>SEDEMONSTR00000000000000000001</codLotacao>
          <remunPerApur>
            <matricula>SEDEMONSTR00000000000000000017</matricula>
            <itensRemun>
              <codRubr>SEDEMONSTR00000000000000000034</codRubr>
              <ideTabRubr>941</ideTabRubr>
              <qtdRubr>183.33</qtdRubr>
              <vrRubr>1304.17</vrRubr>
              <indApurIR>0</indApurIR>
            </itensRemun>
            <itensRemun>
              <codRubr>SEDEMONSTR00000000000000000035</codRubr>
              <ideTabRubr>941</ideTabRubr>
              <qtdRubr>36.67</qtdRubr>
              <vrRubr>260.83</vrRubr>
              <indApurIR>0</indApurIR>
            </itensRemun>
            <itensRemun>
              <codRubr>SEDEMONSTR00000000000000000037</codRubr>
              <ideTabRubr>941</ideTabRubr>
              <vrRubr>135.21</vrRubr>
              <indApurIR>0</indApurIR>
            </itensRemun>
            <itensRemun>
              <codRubr>SEDEMONSTR00000000000000000032</codRubr>
              <ideTabRubr>941</ideTabRubr>
              <qtdRubr>9.00</qtdRubr>
              <vrRubr>133.93</vrRubr>
              <indApurIR>0</indApurIR>
            </itensRemun>
            <itensRemun>
              <codRubr>SEDEMONSTR00000000000000000033</codRubr>
              <ideTabRubr>941</ideTabRubr>
              <vrRubr>125.20</vrRubr>
              <indApurIR>0</indApurIR>
            </itensRemun>
            <infoAgNocivo>
              <grauExp>1</grauExp>
            </infoAgNocivo>
          </remunPerApur>
        </ideEstabLot>
      </infoPerApur>
    </dmDev>
  </evtRemun>
</eSocial>
