<?xml version="1.0" encoding="UTF-8"?>
<eSocial xmlns="http://www.esocial.gov.br/schema/evt/evtAdmissao/v_S_01_00_00">
  <evtAdmissao Id="ID1123456780000002023013117332400001">
    <ideEvento>
      <indRetif>1</indRetif>
      <tpAmb>2</tpAmb>
      <procEmi>1</procEmi>
      <verProc>SENIORGPFP581369</verProc>
    </ideEvento>
    <ideEmpregador>
      <tpInsc>1</tpInsc>
      <nrInsc>12345678</nrInsc>
    </ideEmpregador>
    <trabalhador>
      <cpfTrab>37874381068</cpfTrab>
      <nmTrab>Maria Eduarda Freitas</nmTrab>
      <sexo>F</sexo>
      <racaCor>1</racaCor>
      <estCiv>2</estCiv>
      <grauInstr>10</grauInstr>
      <nascimento>
        <dtNascto>1974-04-03</dtNascto>
        <paisNascto>105</paisNascto>
        <paisNac>105</paisNac>
      </nascimento>
      <endereco>
        <brasil>
          <tpLograd>R</tpLograd>
          <dscLograd>Cel. Federson</dscLograd>
          <nrLograd>681</nrLograd>
          <complemento>Apto 2001</complemento>
          <bairro>CENTRO</bairro>
          <cep>89052320</cep>
          <codMunic>4202404</codMunic>
          <uf>SC</uf>
        </brasil>
      </endereco>
      <contato>
        <fonePrinc>4733392222</fonePrinc>
      </contato>
    </trabalhador>
    <vinculo>
      <matricula>SEDEMONSTR00000000000000000043</matricula>
      <tpRegTrab>1</tpRegTrab>
      <tpRegPrev>1</tpRegPrev>
      <cadIni>S</cadIni>
      <infoRegimeTrab>
        <infoCeletista>
          <dtAdm>1998-02-03</dtAdm>
          <tpAdmissao>1</tpAdmissao>
          <indAdmissao>1</indAdmissao>
          <tpRegJor>1</tpRegJor>
          <natAtividade>1</natAtividade>
          <dtBase>11</dtBase>
          <cnpjSindCategProf>52168721000109</cnpjSindCategProf>
        </infoCeletista>
      </infoRegimeTrab>
      <infoContrato>
        <nmCargo>Gerente Recursos Humanos</nmCargo>
        <CBOCargo>142210</CBOCargo>
        <codCateg>101</codCateg>
        <remuneracao>
          <vrSalFx>1500.00</vrSalFx>
          <undSalFixo>5</undSalFixo>
        </remuneracao>
        <duracao>
          <tpContr>1</tpContr>
        </duracao>
        <localTrabalho>
          <localTrabGeral>
            <tpInsc>1</tpInsc>
            <nrInsc>12345678010158</nrInsc>
          </localTrabGeral>
        </localTrabalho>
        <horContratual>
          <qtdHrsSem>44.00</qtdHrsSem>
          <tpJornada>4</tpJornada>
          <tmpParc>0</tmpParc>
          <horNoturno>N</horNoturno>
          <dscJorn>De 2ª a 6ª feira, das 8:00 às 12:00 e das 13:30 às 18:00</dscJorn>
        </horContratual>
      </infoContrato>
    </vinculo>
  </evtAdmissao>
</eSocial>
