<?xml version="1.0" encoding="UTF-8"?>
<eSocial xmlns="http://www.esocial.gov.br/schema/evt/evtAdmissao/v_S_01_00_00">
  <evtAdmissao Id="ID1123456780000002023013117333100004">
    <ideEvento>
      <indRetif>1</indRetif>
      <tpAmb>2</tpAmb>
      <procEmi>1</procEmi>
      <verProc>SENIORGPFP581369</verProc>
    </ideEvento>
    <ideEmpregador>
      <tpInsc>1</tpInsc>
      <nrInsc>12345678</nrInsc>
    </ideEmpregador>
    <trabalhador>
      <cpfTrab>37164759049</cpfTrab>
      <nmTrab>Paulo Arantes da Silva</nmTrab>
      <sexo>M</sexo>
      <racaCor>1</racaCor>
      <estCiv>2</estCiv>
      <grauInstr>08</grauInstr>
      <nascimento>
        <dtNascto>1970-06-18</dtNascto>
        <paisNascto>105</paisNascto>
        <paisNac>105</paisNac>
      </nascimento>
      <endereco>
        <brasil>
          <tpLograd>R</tpLograd>
          <dscLograd>Rua das Madeiras</dscLograd>
          <nrLograd>56564</nrLograd>
          <bairro>CENTRO</bairro>
          <cep>89052320</cep>
          <codMunic>4202404</codMunic>
          <uf>SC</uf>
        </brasil>
      </endereco>
      <contato>
        <fonePrinc>4733392222</fonePrinc>
        <emailPrinc>paulo.arantes@email.com.br</emailPrinc>
      </contato>
    </trabalhador>
    <vinculo>
      <matricula>SEDEMONSTR00000000000000000004</matricula>
      <tpRegTrab>1</tpRegTrab>
      <tpRegPrev>1</tpRegPrev>
      <cadIni>S</cadIni>
      <infoRegimeTrab>
        <infoCeletista>
          <dtAdm>2008-06-09</dtAdm>
          <tpAdmissao>1</tpAdmissao>
          <indAdmissao>1</indAdmissao>
          <tpRegJor>1</tpRegJor>
          <natAtividade>1</natAtividade>
          <dtBase>01</dtBase>
          <cnpjSindCategProf>84437276000121</cnpjSindCategProf>
        </infoCeletista>
      </infoRegimeTrab>
      <infoContrato>
        <nmCargo>Eletricista</nmCargo>
        <CBOCargo>951105</CBOCargo>
        <codCateg>101</codCateg>
        <remuneracao>
          <vrSalFx>1577.40</vrSalFx>
          <undSalFixo>5</undSalFixo>
        </remuneracao>
        <duracao>
          <tpContr>1</tpContr>
        </duracao>
        <localTrabalho>
          <localTrabGeral>
            <tpInsc>1</tpInsc>
            <nrInsc>12345678010158</nrInsc>
          </localTrabGeral>
        </localTrabalho>
        <horContratual>
          <qtdHrsSem>44.00</qtdHrsSem>
          <tpJornada>9</tpJornada>
          <tmpParc>0</tmpParc>
          <horNoturno>N</horNoturno>
          <dscJorn>Jornada variável, conforme escala</dscJorn>
        </horContratual>
      </infoContrato>
    </vinculo>
  </evtAdmissao>
</eSocial>
