<?xml version="1.0" encoding="UTF-8"?>
<eSocial xmlns="http://www.esocial.gov.br/schema/evt/evtAfastTemp/v_S_01_00_00">
  <evtAfastTemp Id="ID1123456780000002023013117343200002">
    <ideEvento>
      <indRetif>1</indRetif>
      <tpAmb>2</tpAmb>
      <procEmi>1</procEmi>
      <verProc>SENIORGPFP581369</verProc>
    </ideEvento>
    <ideEmpregador>
      <tpInsc>1</tpInsc>
      <nrInsc>12345678</nrInsc>
    </ideEmpregador>
    <ideVinculo>
      <cpfTrab>37874381068</cpfTrab>
      <matricula>SEDEMONSTR00000000000000000043</matricula>
    </ideVinculo>
    <infoAfastamento>
      <iniAfastamento>
        <dtIniAfast>2022-06-29</dtIniAfast>
        <codMotAfast>01</codMotAfast>
        <infoMesmoMtv>N</infoMesmoMtv>
      </iniAfastamento>
    </infoAfastamento>
  </evtAfastTemp>
</eSocial>
