<?xml version="1.0" encoding="UTF-8"?>
<eSocial xmlns="http://www.esocial.gov.br/schema/evt/evtTSVInicio/v_S_01_00_00">
  <evtTSVInicio Id="ID1123456780000002023013117333300001">
    <ideEvento>
      <indRetif>1</indRetif>
      <tpAmb>2</tpAmb>
      <procEmi>1</procEmi>
      <verProc>SENIORGPFP581369</verProc>
    </ideEvento>
    <ideEmpregador>
      <tpInsc>1</tpInsc>
      <nrInsc>12345678</nrInsc>
    </ideEmpregador>
    <trabalhador>
      <cpfTrab>02641559986</cpfTrab>
      <nmTrab>Mauricio Liffen</nmTrab>
      <sexo>M</sexo>
      <racaCor>1</racaCor>
      <estCiv>1</estCiv>
      <grauInstr>10</grauInstr>
      <nascimento>
        <dtNascto>1973-05-11</dtNascto>
        <paisNascto>105</paisNascto>
        <paisNac>105</paisNac>
      </nascimento>
      <endereco>
        <brasil>
          <tpLograd>AV</tpLograd>
          <dscLograd>Avenida Rio Branco</dscLograd>
          <nrLograd>336</nrLograd>
          <complemento>Apto 1100</complemento>
          <bairro>CENTRO</bairro>
          <cep>89010300</cep>
          <codMunic>4202404</codMunic>
          <uf>SC</uf>
        </brasil>
      </endereco>
      <dependente>
        <tpDep>01</tpDep>
        <nmDep>Maria Helena Figueiroa</nmDep>
        <dtNascto>1969-03-15</dtNascto>
        <cpfDep>77703803910</cpfDep>
        <depIRRF>S</depIRRF>
        <depSF>N</depSF>
        <incTrab>N</incTrab>
      </dependente>
      <contato>
        <fonePrinc>4733392222</fonePrinc>
      </contato>
    </trabalhador>
    <infoTSVInicio>
      <cadIni>S</cadIni>
      <matricula>SEDEMONSTR00000000000000000002</matricula>
      <codCateg>722</codCateg>
      <dtInicio>2011-04-01</dtInicio>
      <infoComplementares>
        <cargoFuncao>
          <nmCargo>Diretor de Produção</nmCargo>
          <CBOCargo>123105</CBOCargo>
        </cargoFuncao>
        <remuneracao>
          <vrSalFx>2512.60</vrSalFx>
          <undSalFixo>5</undSalFixo>
        </remuneracao>
      </infoComplementares>
    </infoTSVInicio>
  </evtTSVInicio>
</eSocial>
